ID (begins by 3 for all administrators);First name;Name;Gender;Birthdate;Personal email adress;Phone number;Adress;Password
30001;Emma;Brown;Female;08/02/1988;emma.brown@gmail.com;0 62 64 89 21;Dublin;admin1
30002;Gale;Douglas;Male;19/05/1990;gale.douglas@gmail.com;0 89 47 56 13;Howth;F5fusgf
30003;Tom;Pratt;Male;12/11/1973;tom.pratt@gmail.com;0 12 12 46 98;Howth;sglkk65
30004;Hank;Stanford;Male;18/12/1968;hank.stanford@gmail.com;0 33 64 78 95;Galway;nbg8TRD
30005;Sandy;Jones;Female;22/01/1994;sandy.jones@gmail.com;0 31 47 58 64;Waterford;shg54FTDb
30006;Victoria;Evans;Female;12/06/1990;victoria.evans@gmail.com;0 12 45 67 89;Dublin;Fsbhvhuyf
30007;Joanne;Patty;Female;20/01/1976;joanne.patty@gmail.com;0 24 58 10 07;Dublin;d265h
30008;Louis;Wilson;Male;07/01/1963;louis.wilson@gmail.com;0 63 14 18 97;Swords;hjv584HH
30009;Harry;Wintford;Male;18/12/1975;harry.wintford@gmail.com;0 54 00 12 78;Bray;S546ghuvDD
30010;Mary;Keat;Female;08/06/1988;mary.keat@gmail.com;0 36 65 67 48;Dublin;jhuvsdg5
30011;Daniel;Murphy;Male;18/05/1989;daniel.murphy@gmail.com;0 45 65 91 07;Dublin;qfbj66
30012;Nate;Walsh;Male;30/03/1994;nate.walsh@gmail.com;0 84 65 73 12;Howth;ycesDGJ8
30013;Isabelle;Byrne;Female;05/04/1985;isabelle.byrne@gmail.com;0 52 49 71 06;Galway;knjbf521
30014;Alexander;Walter;Male;31/01/1969;alexander.walter@gmail.com;0 15 96 43 72;Kilkenny;bcgyDd6
30015;Megan;Montgomery;Female;06/05/1983;megan.montgomery@gmail.com;0 10 05 69 70;Tralee;FSBf6bfs64
30016;George;Cooper;Male;05/07/1999;george.cooper@gmail.com;0 11 87 43 69;Dublin;hjfub5
30017;Lauren;Hastings;Female;29/08/1978;lauren.hastings@gmail.com;0 22 85 68 98;Dublin;hgtinv6
30018;Michael;Cheston;Male;23/02/1996;michael.cheston@gmail.com;0 46 97 81 02;Newbridge;Gsgdhu85
30019;Mason;Port;Male;09/12/1996;mason.port@gmail.com;0 11 22 33 44;Mullingar;Ksgipo96
30020;Hanna;Meerton;Female;05/11/1992;hanna.meerton@gmail.com;0 67 98 41 35;Dublin;Mhgfv23
30021;Paul;Mary;Male;15/09/1980;paul.mary@yahoo.com;234 786 489;Dublin;mygshrrpi
