ID (begins by 2 for all professors);First name;Name;Gender;Birthdate;Personal email adress;Phone number;Adress;Password;Subject;Tutor?;Classes
23456;Oliver;Murphy;Male;31/05/1979;oliver.murphy@gmail.com;0 13 44 11 11;Dublin;prof1;Statistical Inference;yes;A1;B1;A2;B2
23457;Amelia;Smith;Female;11/09/1983;amelia.smith@gmail.com;0 65 47 93 14;Dublin;sdhf59GF;Fluid Mechanics;yes;A1;B1;A2;B2
23458;Margaret;Walsh;Female;02/05/1966;margaret.walsh@gmail.com;0 34 78 96 66;Howth;Fd4s8;Numerical Analysis;no;A1;B1;A2;B2
23459;Harry;Byrne;Male;17/09/1989;harry.byrne@gmail.com;0 33 54 76 12;Limerick;lhgz963;Data Structure and Algorithm;yes;A1;B1;A2;B2
23460;Charlie;Jones;Male;13/05/1983;charlie.jones@gmail.com;0 14 57 89 61;Galway;zprb_5qju;Object-Oriented Programming;no;A1;B1;A2;B2
23461;Emma;Brown;Female;31/10/1978;emma.brown@gmail.com;0 13 44 11 11;Waterford;GDIGF5;Probabilities;yes;A1;B1;A2;B2
23462;Thomas;Davis;Male;05/04/1980;thomas.davis@gmail.com;0 13 44 11 11;Dublin;njgiD87;Algebra;yes;A1;B1;A2;B2
23463;James;Wilson;Male;13/05/1960;james.wilson@gmail.com;0 13 44 11 11;Dublin;fd47smk;Geometry;no;A1;B1;A2;B2
23464;Elizabeth;Williams;Female;07/12/1998;elizabeth.williams@gmail.com;0 13 44 11 11;Swords;lmoujb99;Geography;no;A1;B1;A2;B2
23465;Ava;Taylor;Female;18/04/1972;ava.taylor@gmail.com;0 13 44 11 11;Bray;giugG2js;History;yes;A1;B1;A2;B2
23466;Jessica;Thomas;Female;13/08/1996;jessica.thomas@gmail.com;0 13 44 11 11;Dublin;22sdnhfiv;English;yes;A3;B3;A4;B4
23467;James;Evans;Male;08/02/1995;james.evans@gmail.com;0 13 44 11 11;Dublin;26srgnihuD;French;no;A3;B3;A4;B4
23468;Madison;Roberts;Female;14/05/1993;madison.roberts@gmail.com;0 13 44 11 11;Howth;Dgvke78;Litterature;no;A3;B3;A4;B4
23469;William;O'Neil;Male;20/04/1964;william.o'neil@gmail.com;0 13 44 11 11;Galway;qshovuFR;Biology;yes;A3;B3;A4;B4
23470;Damian;Anderson;Male;24/04/2000;damian.anderson@gmail.com;0 13 44 11 11;Kilkenny;jhvicgz89;Latin;yes;A3;B3;A4;B4
23471;Jake;O'Connor;Male;08/01/1963;jake.o'connor@gmail.com;0 13 44 11 11;Tralee;NGEifbf214;Greek;no;A3;B3;A4;B4
23472;Connor;Roy;Male;15/01/1980;connor.roy@gmail.com;0 13 44 11 11;Dundalk;fbgizaez9;Thermodynamics;yes;A3;B3;A4;B4
23473;Isabella;Martin;Female;07/02/1998;isabella.martin@gmail.com;0 13 44 11 11;Dublin;wkb4dxwcuyv;Philosophy;yes;A3;B3;A4;B4
23474;Daniel;Hastings;Male;07/08/1982;daniel.hastings@gmail.com;0 13 44 11 11;Newbridge;qsjgdb77;Vector Analysis;yes;A3;B3;A4;B4
23475;Bethany;Mereen;Female;16/11/1981;bethany.mereen@gmail.com;0 13 44 11 11;Mullingar;Sjdugz44;Ethics;no;A3;B3;A4;B4
23476;Joe;Stings;Male;14/03/1966;joe.stings@gmail.com;0 13 44 11 11;Dublin;FheGd87;Accountancy;yes;A5;B5;;
23477;Ethan;Milston;Male;07/07/1973;ethan.milston@gmail.com;0 13 44 11 11;Bray;jhvf434;Marketing;yes;A5;B5;;
23478;Miley;Pratt;Female;03/06/1989;miley.pratt@gmail.com;0 13 44 11 11;Howth;jhvi82s;Management;no;A5;B5;;
23479;Sophia;Castillo;Female;27/07/1983;sophia.castillo@gmail.com;0 13 44 11 11;Newbridge;dog558f;Economy;yes;A5;B5;;
23480;Oscar;Hampton;Male;13/09/1987;oscar.hampton@gmail.com;0 13 44 11 11;Celbridge;fevh23;Psychology;no;A5;B5;;
